i,j,dist_km
Z0241002,Z0241003,0.0
Z0241002,Z0241004,0.0
Z0241002,Z0241005,0.0
Z0241002,Z0241006,0.0
Z0241002,Z0241007,0.0
Z0241002,Z0241008,0.0
Z0241002,Z0276001,11.385551738378878
Z0241002,Z0276002,11.385551738378878
Z0241002,Z0276003,11.385551738378878
Z0241002,Z0283001,13.11295680278363
Z0241002,Z0284001,22.644053282593504
Z0241002,Z0386001,25.397503104372127
Z0241002,Z0386002,25.397503104372127
Z0241002,Z0386003,25.397503104372127
Z0241002,Z0386004,25.397503104372127
Z0241002,Z0386005,25.397503104372127
Z0241002,Z0386006,25.397503104372127
Z0241002,Z0386007,25.397503104372127
Z0241002,Z0646001,8.867484200464071
Z0241002,Z0646002,8.867484200464071
Z0241002,Z0646003,8.867484200464071
Z0241002,Z0646004,8.867484200464071
Z0241002,Z0899001,9.94468565211168
Z0241002,Z0908001,12.530561630570901
Z0241002,Z0951001,23.359589119434606
Z0241002,Z0951002,23.359589119434606
Z0241002,Z0972001,23.870383289194027
Z0241002,Z1031001,4.7661508544723805
Z0241002,Z1031002,4.7661508544723805
Z0241002,Z1119001,9.16900711828718
Z0241002,Z1169001,4.8282198556029154
Z0241002,Z1367001,9.622777371408837
Z0241002,Z1524001,3.7901193717951975
Z0241002,Z1665001,22.617451066832352
Z0241002,Z1769001,10.369442761545697
Z0241002,Z1899001,9.827676694687232
Z0241002,Z1899002,9.827676694687232
Z0241002,Z2011001,9.767333867589263
Z0241002,Z2135001,8.509623548320798
Z0241002,Z2135002,8.509623548320798
Z0241002,Z2136001,8.803291524704361
Z0241003,Z0241004,0.0
Z0241003,Z0241005,0.0
Z0241003,Z0241006,0.0
Z0241003,Z0241007,0.0
Z0241003,Z0241008,0.0
Z0241003,Z0276001,11.385551738378878
Z0241003,Z0276002,11.385551738378878
Z0241003,Z0276003,11.385551738378878
Z0241003,Z0283001,13.11295680278363
Z0241003,Z0284001,22.644053282593504
Z0241003,Z0386001,25.397503104372127
Z0241003,Z0386002,25.397503104372127
Z0241003,Z0386003,25.397503104372127
Z0241003,Z0386004,25.397503104372127
Z0241003,Z0386005,25.397503104372127
Z0241003,Z0386006,25.397503104372127
Z0241003,Z0386007,25.397503104372127
Z0241003,Z0646001,8.867484200464071
Z0241003,Z0646002,8.867484200464071
Z0241003,Z0646003,8.867484200464071
Z0241003,Z0646004,8.867484200464071
Z0241003,Z0899001,9.94468565211168
Z0241003,Z0908001,12.530561630570901
Z0241003,Z0951001,23.359589119434606
Z0241003,Z0951002,23.359589119434606
Z0241003,Z0972001,23.870383289194027
Z0241003,Z1031001,4.7661508544723805
Z0241003,Z1031002,4.7661508544723805
Z0241003,Z1119001,9.16900711828718
Z0241003,Z1169001,4.8282198556029154
Z0241003,Z1367001,9.622777371408837
Z0241003,Z1524001,3.7901193717951975
Z0241003,Z1665001,22.617451066832352
Z0241003,Z1769001,10.369442761545697
Z0241003,Z1899001,9.827676694687232
Z0241003,Z1899002,9.827676694687232
Z0241003,Z2011001,9.767333867589263
Z0241003,Z2135001,8.509623548320798
Z0241003,Z2135002,8.509623548320798
Z0241003,Z2136001,8.803291524704361
Z0241004,Z0241005,0.0
Z0241004,Z0241006,0.0
Z0241004,Z0241007,0.0
Z0241004,Z0241008,0.0
Z0241004,Z0276001,11.385551738378878
Z0241004,Z0276002,11.385551738378878
Z0241004,Z0276003,11.385551738378878
Z0241004,Z0283001,13.11295680278363
Z0241004,Z0284001,22.644053282593504
Z0241004,Z0386001,25.397503104372127
Z0241004,Z0386002,25.397503104372127
Z0241004,Z0386003,25.397503104372127
Z0241004,Z0386004,25.397503104372127
Z0241004,Z0386005,25.397503104372127
Z0241004,Z0386006,25.397503104372127
Z0241004,Z0386007,25.397503104372127
Z0241004,Z0646001,8.867484200464071
Z0241004,Z0646002,8.867484200464071
Z0241004,Z0646003,8.867484200464071
Z0241004,Z0646004,8.867484200464071
Z0241004,Z0899001,9.94468565211168
Z0241004,Z0908001,12.530561630570901
Z0241004,Z0951001,23.359589119434606
Z0241004,Z0951002,23.359589119434606
Z0241004,Z0972001,23.870383289194027
Z0241004,Z1031001,4.7661508544723805
Z0241004,Z1031002,4.7661508544723805
Z0241004,Z1119001,9.16900711828718
Z0241004,Z1169001,4.8282198556029154
Z0241004,Z1367001,9.622777371408837
Z0241004,Z1524001,3.7901193717951975
Z0241004,Z1665001,22.617451066832352
Z0241004,Z1769001,10.369442761545697
Z0241004,Z1899001,9.827676694687232
Z0241004,Z1899002,9.827676694687232
Z0241004,Z2011001,9.767333867589263
Z0241004,Z2135001,8.509623548320798
Z0241004,Z2135002,8.509623548320798
Z0241004,Z2136001,8.803291524704361
Z0241005,Z0241006,0.0
Z0241005,Z0241007,0.0
Z0241005,Z0241008,0.0
Z0241005,Z0276001,11.385551738378878
Z0241005,Z0276002,11.385551738378878
Z0241005,Z0276003,11.385551738378878
Z0241005,Z0283001,13.11295680278363
Z0241005,Z0284001,22.644053282593504
Z0241005,Z0386001,25.397503104372127
Z0241005,Z0386002,25.397503104372127
Z0241005,Z0386003,25.397503104372127
Z0241005,Z0386004,25.397503104372127
Z0241005,Z0386005,25.397503104372127
Z0241005,Z0386006,25.397503104372127
Z0241005,Z0386007,25.397503104372127
Z0241005,Z0646001,8.867484200464071
Z0241005,Z0646002,8.867484200464071
Z0241005,Z0646003,8.867484200464071
Z0241005,Z0646004,8.867484200464071
Z0241005,Z0899001,9.94468565211168
Z0241005,Z0908001,12.530561630570901
Z0241005,Z0951001,23.359589119434606
Z0241005,Z0951002,23.359589119434606
Z0241005,Z0972001,23.870383289194027
Z0241005,Z1031001,4.7661508544723805
Z0241005,Z1031002,4.7661508544723805
Z0241005,Z1119001,9.16900711828718
Z0241005,Z1169001,4.8282198556029154
Z0241005,Z1367001,9.622777371408837
Z0241005,Z1524001,3.7901193717951975
Z0241005,Z1665001,22.617451066832352
Z0241005,Z1769001,10.369442761545697
Z0241005,Z1899001,9.827676694687232
Z0241005,Z1899002,9.827676694687232
Z0241005,Z2011001,9.767333867589263
Z0241005,Z2135001,8.509623548320798
Z0241005,Z2135002,8.509623548320798
Z0241005,Z2136001,8.803291524704361
Z0241006,Z0241007,0.0
Z0241006,Z0241008,0.0
Z0241006,Z0276001,11.385551738378878
Z0241006,Z0276002,11.385551738378878
Z0241006,Z0276003,11.385551738378878
Z0241006,Z0283001,13.11295680278363
Z0241006,Z0284001,22.644053282593504
Z0241006,Z0386001,25.397503104372127
Z0241006,Z0386002,25.397503104372127
Z0241006,Z0386003,25.397503104372127
Z0241006,Z0386004,25.397503104372127
Z0241006,Z0386005,25.397503104372127
Z0241006,Z0386006,25.397503104372127
Z0241006,Z0386007,25.397503104372127
Z0241006,Z0646001,8.867484200464071
Z0241006,Z0646002,8.867484200464071
Z0241006,Z0646003,8.867484200464071
Z0241006,Z0646004,8.867484200464071
Z0241006,Z0899001,9.94468565211168
Z0241006,Z0908001,12.530561630570901
Z0241006,Z0951001,23.359589119434606
Z0241006,Z0951002,23.359589119434606
Z0241006,Z0972001,23.870383289194027
Z0241006,Z1031001,4.7661508544723805
Z0241006,Z1031002,4.7661508544723805
Z0241006,Z1119001,9.16900711828718
Z0241006,Z1169001,4.8282198556029154
Z0241006,Z1367001,9.622777371408837
Z0241006,Z1524001,3.7901193717951975
Z0241006,Z1665001,22.617451066832352
Z0241006,Z1769001,10.369442761545697
Z0241006,Z1899001,9.827676694687232
Z0241006,Z1899002,9.827676694687232
Z0241006,Z2011001,9.767333867589263
Z0241006,Z2135001,8.509623548320798
Z0241006,Z2135002,8.509623548320798
Z0241006,Z2136001,8.803291524704361
Z0241007,Z0241008,0.0
Z0241007,Z0276001,11.385551738378878
Z0241007,Z0276002,11.385551738378878
Z0241007,Z0276003,11.385551738378878
Z0241007,Z0283001,13.11295680278363
Z0241007,Z0284001,22.644053282593504
Z0241007,Z0386001,25.397503104372127
Z0241007,Z0386002,25.397503104372127
Z0241007,Z0386003,25.397503104372127
Z0241007,Z0386004,25.397503104372127
Z0241007,Z0386005,25.397503104372127
Z0241007,Z0386006,25.397503104372127
Z0241007,Z0386007,25.397503104372127
Z0241007,Z0646001,8.867484200464071
Z0241007,Z0646002,8.867484200464071
Z0241007,Z0646003,8.867484200464071
Z0241007,Z0646004,8.867484200464071
Z0241007,Z0899001,9.94468565211168
Z0241007,Z0908001,12.530561630570901
Z0241007,Z0951001,23.359589119434606
Z0241007,Z0951002,23.359589119434606
Z0241007,Z0972001,23.870383289194027
Z0241007,Z1031001,4.7661508544723805
Z0241007,Z1031002,4.7661508544723805
Z0241007,Z1119001,9.16900711828718
Z0241007,Z1169001,4.8282198556029154
Z0241007,Z1367001,9.622777371408837
Z0241007,Z1524001,3.7901193717951975
Z0241007,Z1665001,22.617451066832352
Z0241007,Z1769001,10.369442761545697
Z0241007,Z1899001,9.827676694687232
Z0241007,Z1899002,9.827676694687232
Z0241007,Z2011001,9.767333867589263
Z0241007,Z2135001,8.509623548320798
Z0241007,Z2135002,8.509623548320798
Z0241007,Z2136001,8.803291524704361
Z0241008,Z0276001,11.385551738378878
Z0241008,Z0276002,11.385551738378878
Z0241008,Z0276003,11.385551738378878
Z0241008,Z0283001,13.11295680278363
Z0241008,Z0284001,22.644053282593504
Z0241008,Z0386001,25.397503104372127
Z0241008,Z0386002,25.397503104372127
Z0241008,Z0386003,25.397503104372127
Z0241008,Z0386004,25.397503104372127
Z0241008,Z0386005,25.397503104372127
Z0241008,Z0386006,25.397503104372127
Z0241008,Z0386007,25.397503104372127
Z0241008,Z0646001,8.867484200464071
Z0241008,Z0646002,8.867484200464071
Z0241008,Z0646003,8.867484200464071
Z0241008,Z0646004,8.867484200464071
Z0241008,Z0899001,9.94468565211168
Z0241008,Z0908001,12.530561630570901
Z0241008,Z0951001,23.359589119434606
Z0241008,Z0951002,23.359589119434606
Z0241008,Z0972001,23.870383289194027
Z0241008,Z1031001,4.7661508544723805
Z0241008,Z1031002,4.7661508544723805
Z0241008,Z1119001,9.16900711828718
Z0241008,Z1169001,4.8282198556029154
Z0241008,Z1367001,9.622777371408837
Z0241008,Z1524001,3.7901193717951975
Z0241008,Z1665001,22.617451066832352
Z0241008,Z1769001,10.369442761545697
Z0241008,Z1899001,9.827676694687232
Z0241008,Z1899002,9.827676694687232
Z0241008,Z2011001,9.767333867589263
Z0241008,Z2135001,8.509623548320798
Z0241008,Z2135002,8.509623548320798
Z0241008,Z2136001,8.803291524704361
Z0276001,Z0276002,0.0
Z0276001,Z0276003,0.0
Z0276001,Z0283001,23.898514243181154
Z0276001,Z0284001,11.309276221090068
Z0276001,Z0386001,14.16126554138038
Z0276001,Z0386002,14.16126554138038
Z0276001,Z0386003,14.16126554138038
Z0276001,Z0386004,14.16126554138038
Z0276001,Z0386005,14.16126554138038
Z0276001,Z0386006,14.16126554138038
Z0276001,Z0386007,14.16126554138038
Z0276001,Z0646001,19.654004172315297
Z0276001,Z0646002,19.654004172315297
Z0276001,Z0646003,19.654004172315297
Z0276001,Z0646004,19.654004172315297
Z0276001,Z0899001,20.67690338515756
Z0276001,Z0908001,23.017311738804306
Z0276001,Z0951001,12.104227236988155
Z0276001,Z0951002,12.104227236988155
Z0276001,Z0972001,33.46667361949143
Z0276001,Z1031001,6.64483375804021
Z0276001,Z1031002,6.64483375804021
Z0276001,Z1119001,3.712258128895317
Z0276001,Z1169001,16.021014203136577
Z0276001,Z1367001,13.636619339867234
Z0276001,Z1524001,15.068223476683032
Z0276001,Z1665001,29.499571318815523
Z0276001,Z1769001,20.968873925062553
Z0276001,Z1899001,20.179847194273222
Z0276001,Z1899002,20.179847194273222
Z0276001,Z2011001,20.114263355462107
Z0276001,Z2135001,19.05654244173918
Z0276001,Z2135002,19.05654244173918
Z0276001,Z2136001,19.936160060279157
Z0276002,Z0276003,0.0
Z0276002,Z0283001,23.898514243181154
Z0276002,Z0284001,11.309276221090068
Z0276002,Z0386001,14.16126554138038
Z0276002,Z0386002,14.16126554138038
Z0276002,Z0386003,14.16126554138038
Z0276002,Z0386004,14.16126554138038
Z0276002,Z0386005,14.16126554138038
Z0276002,Z0386006,14.16126554138038
Z0276002,Z0386007,14.16126554138038
Z0276002,Z0646001,19.654004172315297
Z0276002,Z0646002,19.654004172315297
Z0276002,Z0646003,19.654004172315297
Z0276002,Z0646004,19.654004172315297
Z0276002,Z0899001,20.67690338515756
Z0276002,Z0908001,23.017311738804306
Z0276002,Z0951001,12.104227236988155
Z0276002,Z0951002,12.104227236988155
Z0276002,Z0972001,33.46667361949143
Z0276002,Z1031001,6.64483375804021
Z0276002,Z1031002,6.64483375804021
Z0276002,Z1119001,3.712258128895317
Z0276002,Z1169001,16.021014203136577
Z0276002,Z1367001,13.636619339867234
Z0276002,Z1524001,15.068223476683032
Z0276002,Z1665001,29.499571318815523
Z0276002,Z1769001,20.968873925062553
Z0276002,Z1899001,20.179847194273222
Z0276002,Z1899002,20.179847194273222
Z0276002,Z2011001,20.114263355462107
Z0276002,Z2135001,19.05654244173918
Z0276002,Z2135002,19.05654244173918
Z0276002,Z2136001,19.936160060279157
Z0276003,Z0283001,23.898514243181154
Z0276003,Z0284001,11.309276221090068
Z0276003,Z0386001,14.16126554138038
Z0276003,Z0386002,14.16126554138038
Z0276003,Z0386003,14.16126554138038
Z0276003,Z0386004,14.16126554138038
Z0276003,Z0386005,14.16126554138038
Z0276003,Z0386006,14.16126554138038
Z0276003,Z0386007,14.16126554138038
Z0276003,Z0646001,19.654004172315297
Z0276003,Z0646002,19.654004172315297
Z0276003,Z0646003,19.654004172315297
Z0276003,Z0646004,19.654004172315297
Z0276003,Z0899001,20.67690338515756
Z0276003,Z0908001,23.017311738804306
Z0276003,Z0951001,12.104227236988155
Z0276003,Z0951002,12.104227236988155
Z0276003,Z0972001,33.46667361949143
Z0276003,Z1031001,6.64483375804021
Z0276003,Z1031002,6.64483375804021
Z0276003,Z1119001,3.712258128895317
Z0276003,Z1169001,16.021014203136577
Z0276003,Z1367001,13.636619339867234
Z0276003,Z1524001,15.068223476683032
Z0276003,Z1665001,29.499571318815523
Z0276003,Z1769001,20.968873925062553
Z0276003,Z1899001,20.179847194273222
Z0276003,Z1899002,20.179847194273222
Z0276003,Z2011001,20.114263355462107
Z0276003,Z2135001,19.05654244173918
Z0276003,Z2135002,19.05654244173918
Z0276003,Z2136001,19.936160060279157
Z0283001,Z0284001,35.16591627208065
Z0283001,Z0386001,38.05788554640346
Z0283001,Z0386002,38.05788554640346
Z0283001,Z0386003,38.05788554640346
Z0283001,Z0386004,38.05788554640346
Z0283001,Z0386005,38.05788554640346
Z0283001,Z0386006,38.05788554640346
Z0283001,Z0386007,38.05788554640346
Z0283001,Z0646001,4.2754349976917725
Z0283001,Z0646002,4.2754349976917725
Z0283001,Z0646003,4.2754349976917725
Z0283001,Z0646004,4.2754349976917725
Z0283001,Z0899001,3.225060221093133
Z0283001,Z0908001,1.4780180455054839
Z0283001,Z0951001,35.999701134803175
Z0283001,Z0951002,35.999701134803175
Z0283001,Z0972001,11.569989806911508
Z0283001,Z1031001,17.404595009492702
Z0283001,Z1031002,17.404595009492702
Z0283001,Z1119001,22.219518035248623
Z0283001,Z1169001,10.269515587624648
Z0283001,Z1367001,20.2316503896655
Z0283001,Z1524001,9.398820520894786
Z0283001,Z1665001,25.95939794067992
Z0283001,Z1769001,11.359025960340277
Z0283001,Z1899001,12.063287931918449
Z0283001,Z1899002,12.063287931918449
Z0283001,Z2011001,12.070438147304126
Z0283001,Z2135001,11.410483161105878
Z0283001,Z2135002,11.410483161105878
Z0283001,Z2136001,9.096783729732108
Z0284001,Z0386001,3.0427796930757713
Z0284001,Z0386002,3.0427796930757713
Z0284001,Z0386003,3.0427796930757713
Z0284001,Z0386004,3.0427796930757713
Z0284001,Z0386005,3.0427796930757713
Z0284001,Z0386006,3.0427796930757713
Z0284001,Z0386007,3.0427796930757713
Z0284001,Z0646001,30.939862358139074
Z0284001,Z0646002,30.939862358139074
Z0284001,Z0646003,30.939862358139074
Z0284001,Z0646004,30.939862358139074
Z0284001,Z0899001,31.951256154547348
Z0284001,Z0908001,34.235479558616746
Z0284001,Z0951001,1.2009259240400911
Z0284001,Z0951002,1.2009259240400911
Z0284001,Z0972001,44.30359158733731
Z0284001,Z1031001,17.941616536965757
Z0284001,Z1031002,17.941616536965757
Z0284001,Z1119001,13.860707207919937
Z0284001,Z1169001,27.14923783417838
Z0284001,Z1367001,22.466343123476356
Z0284001,Z1524001,26.363691277274032
Z0284001,Z1665001,37.65227448043197
Z0284001,Z1769001,31.71929013288039
Z0284001,Z1899001,30.83996077939897
Z0284001,Z1899002,30.83996077939897
Z0284001,Z2011001,30.77444926119677
Z0284001,Z2135001,29.842982229050314
Z0284001,Z2135002,29.842982229050314
Z0284001,Z2136001,30.977221547813695
Z0386001,Z0386002,0.0
Z0386001,Z0386003,0.0
Z0386001,Z0386004,0.0
Z0386001,Z0386005,0.0
Z0386001,Z0386006,0.0
Z0386001,Z0386007,0.0
Z0386001,Z0646001,33.81523158150013
Z0386001,Z0646002,33.81523158150013
Z0386001,Z0646003,33.81523158150013
Z0386001,Z0646004,33.81523158150013
Z0386001,Z0899001,34.8373531459686
Z0386001,Z0908001,37.15633267130426
Z0386001,Z0951001,2.059003356642524
Z0386001,Z0951002,2.059003356642524
Z0386001,Z0972001,47.314687091657774
Z0386001,Z1031001,20.74745849425896
Z0386001,Z1031002,20.74745849425896
Z0386001,Z1119001,16.438401948595352
Z0386001,Z1169001,29.803780682901344
Z0386001,Z1367001,24.480078981158627
Z0386001,Z1524001,29.14826172584995
Z0386001,Z1665001,39.24162881252264
Z0386001,Z1769001,34.18289753274898
Z0386001,Z1899001,33.273413704027874
Z0386001,Z1899002,33.273413704027874
Z0386001,Z2011001,33.208320267229
Z0386001,Z2135001,32.33103253553829
Z0386001,Z2135002,32.33103253553829
Z0386001,Z2136001,33.57208565082082
Z0386002,Z0386003,0.0
Z0386002,Z0386004,0.0
Z0386002,Z0386005,0.0
Z0386002,Z0386006,0.0
Z0386002,Z0386007,0.0
Z0386002,Z0646001,33.81523158150013
Z0386002,Z0646002,33.81523158150013
Z0386002,Z0646003,33.81523158150013
Z0386002,Z0646004,33.81523158150013
Z0386002,Z0899001,34.8373531459686
Z0386002,Z0908001,37.15633267130426
Z0386002,Z0951001,2.059003356642524
Z0386002,Z0951002,2.059003356642524
Z0386002,Z0972001,47.314687091657774
Z0386002,Z1031001,20.74745849425896
Z0386002,Z1031002,20.74745849425896
Z0386002,Z1119001,16.438401948595352
Z0386002,Z1169001,29.803780682901344
Z0386002,Z1367001,24.480078981158627
Z0386002,Z1524001,29.14826172584995
Z0386002,Z1665001,39.24162881252264
Z0386002,Z1769001,34.18289753274898
Z0386002,Z1899001,33.273413704027874
Z0386002,Z1899002,33.273413704027874
Z0386002,Z2011001,33.208320267229
Z0386002,Z2135001,32.33103253553829
Z0386002,Z2135002,32.33103253553829
Z0386002,Z2136001,33.57208565082082
Z0386003,Z0386004,0.0
Z0386003,Z0386005,0.0
Z0386003,Z0386006,0.0
Z0386003,Z0386007,0.0
Z0386003,Z0646001,33.81523158150013
Z0386003,Z0646002,33.81523158150013
Z0386003,Z0646003,33.81523158150013
Z0386003,Z0646004,33.81523158150013
Z0386003,Z0899001,34.8373531459686
Z0386003,Z0908001,37.15633267130426
Z0386003,Z0951001,2.059003356642524
Z0386003,Z0951002,2.059003356642524
Z0386003,Z0972001,47.314687091657774
Z0386003,Z1031001,20.74745849425896
Z0386003,Z1031002,20.74745849425896
Z0386003,Z1119001,16.438401948595352
Z0386003,Z1169001,29.803780682901344
Z0386003,Z1367001,24.480078981158627
Z0386003,Z1524001,29.14826172584995
Z0386003,Z1665001,39.24162881252264
Z0386003,Z1769001,34.18289753274898
Z0386003,Z1899001,33.273413704027874
Z0386003,Z1899002,33.273413704027874
Z0386003,Z2011001,33.208320267229
Z0386003,Z2135001,32.33103253553829
Z0386003,Z2135002,32.33103253553829
Z0386003,Z2136001,33.57208565082082
Z0386004,Z0386005,0.0
Z0386004,Z0386006,0.0
Z0386004,Z0386007,0.0
Z0386004,Z0646001,33.81523158150013
Z0386004,Z0646002,33.81523158150013
Z0386004,Z0646003,33.81523158150013
Z0386004,Z0646004,33.81523158150013
Z0386004,Z0899001,34.8373531459686
Z0386004,Z0908001,37.15633267130426
Z0386004,Z0951001,2.059003356642524
Z0386004,Z0951002,2.059003356642524
Z0386004,Z0972001,47.314687091657774
Z0386004,Z1031001,20.74745849425896
Z0386004,Z1031002,20.74745849425896
Z0386004,Z1119001,16.438401948595352
Z0386004,Z1169001,29.803780682901344
Z0386004,Z1367001,24.480078981158627
Z0386004,Z1524001,29.14826172584995
Z0386004,Z1665001,39.24162881252264
Z0386004,Z1769001,34.18289753274898
Z0386004,Z1899001,33.273413704027874
Z0386004,Z1899002,33.273413704027874
Z0386004,Z2011001,33.208320267229
Z0386004,Z2135001,32.33103253553829
Z0386004,Z2135002,32.33103253553829
Z0386004,Z2136001,33.57208565082082
Z0386005,Z0386006,0.0
Z0386005,Z0386007,0.0
Z0386005,Z0646001,33.81523158150013
Z0386005,Z0646002,33.81523158150013
Z0386005,Z0646003,33.81523158150013
Z0386005,Z0646004,33.81523158150013
Z0386005,Z0899001,34.8373531459686
Z0386005,Z0908001,37.15633267130426
Z0386005,Z0951001,2.059003356642524
Z0386005,Z0951002,2.059003356642524
Z0386005,Z0972001,47.314687091657774
Z0386005,Z1031001,20.74745849425896
Z0386005,Z1031002,20.74745849425896
Z0386005,Z1119001,16.438401948595352
Z0386005,Z1169001,29.803780682901344
Z0386005,Z1367001,24.480078981158627
Z0386005,Z1524001,29.14826172584995
Z0386005,Z1665001,39.24162881252264
Z0386005,Z1769001,34.18289753274898
Z0386005,Z1899001,33.273413704027874
Z0386005,Z1899002,33.273413704027874
Z0386005,Z2011001,33.208320267229
Z0386005,Z2135001,32.33103253553829
Z0386005,Z2135002,32.33103253553829
Z0386005,Z2136001,33.57208565082082
Z0386006,Z0386007,0.0
Z0386006,Z0646001,33.81523158150013
Z0386006,Z0646002,33.81523158150013
Z0386006,Z0646003,33.81523158150013
Z0386006,Z0646004,33.81523158150013
Z0386006,Z0899001,34.8373531459686
Z0386006,Z0908001,37.15633267130426
Z0386006,Z0951001,2.059003356642524
Z0386006,Z0951002,2.059003356642524
Z0386006,Z0972001,47.314687091657774
Z0386006,Z1031001,20.74745849425896
Z0386006,Z1031002,20.74745849425896
Z0386006,Z1119001,16.438401948595352
Z0386006,Z1169001,29.803780682901344
Z0386006,Z1367001,24.480078981158627
Z0386006,Z1524001,29.14826172584995
Z0386006,Z1665001,39.24162881252264
Z0386006,Z1769001,34.18289753274898
Z0386006,Z1899001,33.273413704027874
Z0386006,Z1899002,33.273413704027874
Z0386006,Z2011001,33.208320267229
Z0386006,Z2135001,32.33103253553829
Z0386006,Z2135002,32.33103253553829
Z0386006,Z2136001,33.57208565082082
Z0386007,Z0646001,33.81523158150013
Z0386007,Z0646002,33.81523158150013
Z0386007,Z0646003,33.81523158150013
Z0386007,Z0646004,33.81523158150013
Z0386007,Z0899001,34.8373531459686
Z0386007,Z0908001,37.15633267130426
Z0386007,Z0951001,2.059003356642524
Z0386007,Z0951002,2.059003356642524
Z0386007,Z0972001,47.314687091657774
Z0386007,Z1031001,20.74745849425896
Z0386007,Z1031002,20.74745849425896
Z0386007,Z1119001,16.438401948595352
Z0386007,Z1169001,29.803780682901344
Z0386007,Z1367001,24.480078981158627
Z0386007,Z1524001,29.14826172584995
Z0386007,Z1665001,39.24162881252264
Z0386007,Z1769001,34.18289753274898
Z0386007,Z1899001,33.273413704027874
Z0386007,Z1899002,33.273413704027874
Z0386007,Z2011001,33.208320267229
Z0386007,Z2135001,32.33103253553829
Z0386007,Z2135002,32.33103253553829
Z0386007,Z2136001,33.57208565082082
Z0646001,Z0646002,0.0
Z0646001,Z0646003,0.0
Z0646001,Z0646004,0.0
Z0646001,Z0899001,1.0786300284920414
Z0646001,Z0908001,3.7157706382717977
Z0646001,Z0951001,31.758176603548705
Z0646001,Z0951002,31.758176603548705
Z0646001,Z0972001,15.26653861592284
Z0646001,Z1031001,13.13369890424113
Z0646001,Z1031002,13.13369890424113
Z0646001,Z1119001,17.947272850064966
Z0646001,Z1169001,6.641807693806225
Z0646001,Z1367001,16.600344530284303
Z0646001,Z1524001,5.229259021092841
Z0646001,Z1665001,24.54544808573724
Z0646001,Z1769001,9.576399083543158
Z0646001,Z1899001,9.964821114966302
Z0646001,Z1899002,9.964821114966302
Z0646001,Z2011001,9.949711308647265
Z0646001,Z2135001,8.944451223844332
Z0646001,Z2135002,8.944451223844332
Z0646001,Z2136001,6.970496680914326
Z0646002,Z0646003,0.0
Z0646002,Z0646004,0.0
Z0646002,Z0899001,1.0786300284920414
Z0646002,Z0908001,3.7157706382717977
Z0646002,Z0951001,31.758176603548705
Z0646002,Z0951002,31.758176603548705
Z0646002,Z0972001,15.26653861592284
Z0646002,Z1031001,13.13369890424113
Z0646002,Z1031002,13.13369890424113
Z0646002,Z1119001,17.947272850064966
Z0646002,Z1169001,6.641807693806225
Z0646002,Z1367001,16.600344530284303
Z0646002,Z1524001,5.229259021092841
Z0646002,Z1665001,24.54544808573724
Z0646002,Z1769001,9.576399083543158
Z0646002,Z1899001,9.964821114966302
Z0646002,Z1899002,9.964821114966302
Z0646002,Z2011001,9.949711308647265
Z0646002,Z2135001,8.944451223844332
Z0646002,Z2135002,8.944451223844332
Z0646002,Z2136001,6.970496680914326
Z0646003,Z0646004,0.0
Z0646003,Z0899001,1.0786300284920414
Z0646003,Z0908001,3.7157706382717977
Z0646003,Z0951001,31.758176603548705
Z0646003,Z0951002,31.758176603548705
Z0646003,Z0972001,15.26653861592284
Z0646003,Z1031001,13.13369890424113
Z0646003,Z1031002,13.13369890424113
Z0646003,Z1119001,17.947272850064966
Z0646003,Z1169001,6.641807693806225
Z0646003,Z1367001,16.600344530284303
Z0646003,Z1524001,5.229259021092841
Z0646003,Z1665001,24.54544808573724
Z0646003,Z1769001,9.576399083543158
Z0646003,Z1899001,9.964821114966302
Z0646003,Z1899002,9.964821114966302
Z0646003,Z2011001,9.949711308647265
Z0646003,Z2135001,8.944451223844332
Z0646003,Z2135002,8.944451223844332
Z0646003,Z2136001,6.970496680914326
Z0646004,Z0899001,1.0786300284920414
Z0646004,Z0908001,3.7157706382717977
Z0646004,Z0951001,31.758176603548705
Z0646004,Z0951002,31.758176603548705
Z0646004,Z0972001,15.26653861592284
Z0646004,Z1031001,13.13369890424113
Z0646004,Z1031002,13.13369890424113
Z0646004,Z1119001,17.947272850064966
Z0646004,Z1169001,6.641807693806225
Z0646004,Z1367001,16.600344530284303
Z0646004,Z1524001,5.229259021092841
Z0646004,Z1665001,24.54544808573724
Z0646004,Z1769001,9.576399083543158
Z0646004,Z1899001,9.964821114966302
Z0646004,Z1899002,9.964821114966302
Z0646004,Z2011001,9.949711308647265
Z0646004,Z2135001,8.944451223844332
Z0646004,Z2135002,8.944451223844332
Z0646004,Z2136001,6.970496680914326
Z0899001,Z0908001,2.6533111937513345
Z0899001,Z0951001,32.77947876173114
Z0899001,Z0951002,32.77947876173114
Z0899001,Z0972001,14.224648385760814
Z0899001,Z1031001,14.180876351250179
Z0899001,Z1031002,14.180876351250179
Z0899001,Z1119001,19.013590548213266
Z0899001,Z1169001,7.6008330685834355
Z0899001,Z1367001,17.589885049299443
Z0899001,Z1524001,6.30327290491202
Z0899001,Z1665001,25.0378575535047
Z0899001,Z1769001,10.07700125513838
Z0899001,Z1899001,10.553725030175011
Z0899001,Z1899002,10.553725030175011
Z0899001,Z2011001,10.544297863453835
Z0899001,Z2135001,9.618806720024548
Z0899001,Z2135002,9.618806720024548
Z0899001,Z2136001,7.519344057417636
Z0908001,Z0951001,35.09734435978837
Z0908001,Z0951002,35.09734435978837
Z0908001,Z0972001,11.57841283902498
Z0908001,Z1031001,16.621578034337613
Z0908001,Z1031002,16.621578034337613
Z0908001,Z1119001,21.523338202968926
Z0908001,Z1169001,10.199336183475104
Z0908001,Z1367001,20.20104630671742
Z0908001,Z1524001,8.942869910747783
Z0908001,Z1665001,26.8218291148816
Z0908001,Z1769001,12.02045704345262
Z0908001,Z1899001,12.63391761239943
Z0908001,Z1899002,12.63391761239943
Z0908001,Z2011001,12.633811110124194
Z0908001,Z2135001,11.846504381645975
Z0908001,Z2135002,11.846504381645975
Z0908001,Z2136001,9.605640259199344
Z0951001,Z0951002,0.0
Z0951001,Z0972001,45.275650063401415
Z0951001,Z1031001,18.69807481182254
Z0951001,Z1031002,18.69807481182254
Z0951001,Z1119001,14.442780460455817
Z0951001,Z1169001,27.79291414863631
Z0951001,Z1367001,22.72060815688858
Z0951001,Z1524001,27.10448280944221
Z0951001,Z1665001,37.70649691204208
Z0951001,Z1769001,32.23808215794567
Z0951001,Z1899001,31.339726134878898
Z0951001,Z1899002,31.339726134878898
Z0951001,Z2011001,31.274446985622824
Z0951001,Z2135001,30.376484041416294
Z0951001,Z2135002,30.376484041416294
Z0951001,Z2136001,31.580814725160504
Z0951002,Z0972001,45.275650063401415
Z0951002,Z1031001,18.69807481182254
Z0951002,Z1031002,18.69807481182254
Z0951002,Z1119001,14.442780460455817
Z0951002,Z1169001,27.79291414863631
Z0951002,Z1367001,22.72060815688858
Z0951002,Z1524001,27.10448280944221
Z0951002,Z1665001,37.70649691204208
Z0951002,Z1769001,32.23808215794567
Z0951002,Z1899001,31.339726134878898
Z0951002,Z1899002,31.339726134878898
Z0951002,Z2011001,31.274446985622824
Z0951002,Z2135001,30.376484041416294
Z0951002,Z2135002,30.376484041416294
Z0951002,Z2136001,31.580814725160504
Z0972001,Z1031001,27.507713702560512
Z0972001,Z1031002,27.507713702560512
Z0972001,Z1119001,32.52912898724591
Z0972001,Z1169001,21.75359577281875
Z0972001,Z1367001,31.752599745517827
Z0972001,Z1524001,20.45153880925473
Z0972001,Z1665001,36.36471088425511
Z0972001,Z1769001,22.58204967979341
Z0972001,Z1899001,23.39837059691674
Z0972001,Z1899002,23.39837059691674
Z0972001,Z2011001,23.414367781186556
Z0972001,Z2135001,22.887558287287582
Z0972001,Z2135002,22.887558287287582
Z0972001,Z2136001,20.545922899862695
Z1031001,Z1031002,0.0
Z1031001,Z1119001,5.034178670161542
Z1031001,Z1169001,9.514075239507267
Z1031001,Z1367001,10.3587927525963
Z1031001,Z1524001,8.424229232643784
Z1031001,Z1665001,25.398074413661064
Z1031001,Z1769001,14.79074592176571
Z1031001,Z1899001,14.113040863421023
Z1031001,Z1899002,14.113040863421023
Z1031001,Z2011001,14.049030819542951
Z1031001,Z2135001,12.880721526968548
Z1031001,Z2135002,12.880721526968548
Z1031001,Z2136001,13.480125533238995
Z1031002,Z1119001,5.034178670161542
Z1031002,Z1169001,9.514075239507267
Z1031002,Z1367001,10.3587927525963
Z1031002,Z1524001,8.424229232643784
Z1031002,Z1665001,25.398074413661064
Z1031002,Z1769001,14.79074592176571
Z1031002,Z1899001,14.113040863421023
Z1031002,Z1899002,14.113040863421023
Z1031002,Z2011001,14.049030819542951
Z1031002,Z2135001,12.880721526968548
Z1031002,Z2135002,12.880721526968548
Z1031002,Z2136001,13.480125533238995
Z1119001,Z1169001,13.375706666499287
Z1119001,Z1367001,9.92569870645847
Z1119001,Z1524001,12.95872944857086
Z1119001,Z1665001,25.790011200418682
Z1119001,Z1769001,17.877098414996368
Z1119001,Z1899001,17.019977525512306
Z1119001,Z1899002,17.019977525512306
Z1119001,Z2011001,16.954283445659932
Z1119001,Z2135001,15.991096254048072
Z1119001,Z2135002,15.991096254048072
Z1119001,Z2136001,17.13803614074039
Z1169001,Z1367001,10.002535551967734
Z1169001,Z1524001,2.7826798856984998
Z1169001,Z1665001,19.45223199865542
Z1169001,Z1769001,5.722151940752404
Z1169001,Z1899001,5.383169900169959
Z1169001,Z1899002,5.383169900169959
Z1169001,Z2011001,5.331664167889874
Z1169001,Z2135001,4.016770844196798
Z1169001,Z2135002,4.016770844196798
Z1169001,Z2136001,3.9768806861169077
Z1367001,Z1524001,11.75314958755787
Z1367001,Z1665001,15.865012241790096
Z1367001,Z1769001,11.282157725317113
Z1367001,Z1899001,10.238407532641586
Z1367001,Z1899002,10.238407532641586
Z1367001,Z2011001,10.18395423528061
Z1367001,Z2135001,9.889743334929396
Z1367001,Z2135002,9.889743334929396
Z1367001,Z2136001,12.010672384774415
Z1524001,Z1665001,22.23238769213206
Z1524001,Z1769001,8.24559133199702
Z1524001,Z1899001,8.05401055719882
Z1524001,Z1899002,8.05401055719882
Z1524001,Z2011001,8.00766144537694
Z1524001,Z2135001,6.701483256746972
Z1524001,Z2135002,6.701483256746972
Z1524001,Z2136001,6.048823445198306
Z1665001,Z1769001,14.972597096785933
Z1665001,Z1899001,14.631834255487746
Z1665001,Z1899002,14.631834255487746
Z1665001,Z2011001,14.65552630534189
Z1665001,Z2135001,15.813369213582428
Z1665001,Z2135002,15.813369213582428
Z1665001,Z2136001,17.575881658912046
Z1769001,Z1899001,1.0462017743348009
Z1769001,Z1899002,1.0462017743348009
Z1769001,Z2011001,1.0986910687881963
Z1769001,Z2135001,1.9164565870784473
Z1769001,Z2135002,1.9164565870784473
Z1769001,Z2136001,2.621618810548992
Z1899001,Z1899002,0.0
Z1899001,Z2011001,0.06573848328061542
Z1899001,Z2135001,1.3665293647055061
Z1899001,Z2135002,1.3665293647055061
Z1899001,Z2136001,3.0420304121355355
Z1899002,Z2011001,0.06573848328061542
Z1899002,Z2135001,1.3665293647055061
Z1899002,Z2135002,1.3665293647055061
Z1899002,Z2136001,3.0420304121355355
Z2011001,Z2135001,1.314996918995508
Z2011001,Z2135002,1.314996918995508
Z2011001,Z2136001,3.0370160580215835
Z2135001,Z2135002,0.0
Z2135001,Z2136001,2.34595123462876
Z2135002,Z2136001,2.34595123462876
